Tax Year,Municipality,Number of Returns,CT Income Tax,Tax Per Capita
2015,ANDOVER,"1,498","5,404,333.00","3,608.00"
2015,ANSONIA,"8,619","15,276,355.00","1,772.00"
2015,ASHFORD,"2,112","5,497,095.00","2,603.00"
2015,AVON,"8,361","85,485,184.00","10,224.00"
2015,BARKHAMSTED,"1,793","5,961,156.00","3,325.00"
2015,BEACON FALLS,"2,820","8,329,033.00","2,954.00"
2015,BERLIN,"10,021","38,842,493.00","3,876.00"
2015,BETHANY,"2,397","13,537,388.00","5,648.00"
2015,BETHEL,"8,657","26,778,122.00","3,093.00"
2015,BETHLEHEM,"1,648","5,575,338.00","3,383.00"
2015,BLOOMFIELD,"10,750","35,172,834.00","3,272.00"
2015,BOLTON,"2,351","10,301,795.00","4,382.00"
2015,BOZRAH,"1,194","3,455,854.00","2,894.00"
2015,BRANFORD,"14,144","58,571,911.00","4,141.00"
2015,BRIDGEPORT,"59,246","59,200,924.00",999.00
2015,BRIDGEWATER,783,"5,616,521.00","7,173.00"
2015,BRISTOL,"28,518","64,129,600.00","2,249.00"
2015,BROOKFIELD,"7,896","32,729,473.00","4,145.00"
2015,BROOKLYN,"3,350","7,924,397.00","2,365.00"
2015,BURLINGTON,"4,224","24,348,800.00","5,764.00"
2015,CANAAN,"1,732","3,468,291.00","2,002.00"
2015,CANTERBURY,"2,287","5,237,828.00","2,290.00"
2015,CANTON,"4,629","26,369,747.00","5,697.00"
2015,CHAPLIN,983,"2,158,328.00","2,196.00"
2015,CHESHIRE,"12,241","67,954,800.00","5,551.00"
2015,CHESTER,"1,855","7,575,384.00","4,084.00"
2015,CLINTON,"6,241","23,900,204.00","3,830.00"
2015,COLCHESTER,"7,449","26,116,776.00","3,506.00"
2015,COLEBROOK,498,"1,554,511.00","3,122.00"
2015,COLUMBIA,"2,613","9,267,192.00","3,547.00"
2015,CORNWALL,736,"2,773,654.00","3,769.00"
2015,COVENTRY,"5,812","19,654,251.00","3,382.00"
2015,CROMWELL,"7,020","28,735,102.00","4,093.00"
2015,DANBURY,"35,981","71,453,560.00","1,986.00"
2015,DARIEN,"8,261","199,806,652.00","24,187.00"
2015,DEEP RIVER,"2,209","13,547,950.00","6,133.00"
2015,DERBY,"5,896","11,448,191.00","1,942.00"
2015,DURHAM,"3,365","20,531,535.00","6,101.00"
2015,EASTFORD ,682,"1,814,291.00","2,660.00"
2015,EAST GRANBY ,"2,472","9,896,488.00","4,003.00"
2015,EAST HADDAM ,"3,797","15,305,704.00","4,031.00"
2015,EAST HAMPTON ,"6,056","22,418,555.00","3,702.00"
2015,EAST HARTFORD ,"24,317","34,986,675.00","1,439.00"
2015,EAST HAVEN ,"13,385","30,634,133.00","2,289.00"
2015,EAST LYME ,"8,302","34,687,768.00","4,178.00"
2015,EASTON ,"3,158","31,800,534.00","10,070.00"
2015,EAST WINDSOR ,"5,510","13,136,116.00","2,384.00"
2015,ELLINGTON,"7,509","31,746,750.00","4,228.00"
2015,ENFIELD,"19,695","40,634,279.00","2,063.00"
2015,ESSEX,"3,219","23,507,026.00","7,303.00"
2015,FAIRFIELD,"24,037","200,871,026.00","8,357.00"
2015,FARMINGTON,"12,017","81,299,784.00","6,765.00"
2015,FRANKLIN,911,"2,617,736.00","2,873.00"
2015,GLASTONBURY,"15,681","112,636,562.00","7,183.00"
2015,GOSHEN,"1,320","6,329,607.00","4,795.00"
2015,GRANBY,"4,976","26,255,555.00","5,276.00"
2015,GREENWICH,"26,471","650,278,422.00","24,566.00"
2015,GRISWOLD,"5,533","11,169,441.00","2,019.00"
2015,GROTON,"11,373","25,656,481.00","2,256.00"
2015,GUILFORD,"9,999","67,013,872.00","6,702.00"
2015,HADDAM,"3,848","17,147,150.00","4,456.00"
2015,HAMDEN,"25,207","75,967,233.00","3,014.00"
2015,HAMPTON,"1,093","2,857,793.00","2,615.00"
2015,HARTFORD,"48,890","51,036,073.00","1,044.00"
2015,HARTLAND,816,"2,671,321.00","3,274.00"
2015,HARWINTON,"2,488","9,840,202.00","3,955.00"
2015,HEBRON,"4,173","19,324,454.00","4,631.00"
2015,KENT,"1,294","5,041,993.00","3,896.00"
2015,KILLINGLY,"7,741","12,277,839.00","1,586.00"
2015,KILLINGWORTH,"2,813","14,962,345.00","5,319.00"
2015,LEBANON,"3,235","9,555,307.00","2,954.00"
2015,LEDYARD,"6,684","18,966,430.00","2,838.00"
2015,LISBON,"1,671","4,410,340.00","2,639.00"
2015,LITCHFIELD,"3,831","19,492,047.00","5,088.00"
2015,LYME,926,"9,442,865.00","10,197.00"
2015,MADISON,"7,963","61,856,832.00","7,768.00"
2015,MANCHESTER,"28,179","72,050,315.00","2,557.00"
2015,MANSFIELD,"5,415","23,070,524.00","4,260.00"
2015,MARLBOROUGH,"2,822","14,070,154.00","4,986.00"
2015,MERIDEN,"27,235","50,407,193.00","1,851.00"
2015,MIDDLEBURY,"3,339","21,424,082.00","6,416.00"
2015,MIDDLEFIELD,"2,040","7,956,353.00","3,900.00"
2015,MIDDLETOWN,"20,942","56,008,120.00","2,674.00"
2015,MILFORD,"25,635","118,052,967.00","4,605.00"
2015,MONROE,"8,743","42,105,708.00","4,816.00"
2015,MONTVILLE,"8,319","18,585,054.00","2,234.00"
2015,MORRIS,"1,035","4,091,300.00","3,953.00"
2015,NAUGATUCK,"14,380","29,765,161.00","2,070.00"
2015,NEW BRITAIN,"31,104","36,624,164.00","1,177.00"
2015,NEW CANAAN,"7,962","218,726,307.00","27,471.00"
2015,NEW FAIRFIELD,"6,097","20,625,961.00","3,383.00"
2015,NEW HARTFORD,"3,262","13,084,321.00","4,011.00"
2015,NEW HAVEN,"48,740","89,753,561.00","1,841.00"
2015,NEWINGTON ,"15,274","42,278,963.00","2,768.00"
2015,NEW LONDON ,"11,150","14,208,131.00","1,274.00"
2015,NEW MILFORD ,"12,813","37,417,012.00","2,920.00"
2015,NEWTOWN,"11,621","68,645,347.00","5,907.00"
2015,NORFOLK,709,"3,138,751.00","4,427.00"
2015,NORTH BRANFORD,"6,867","23,407,377.00","3,409.00"
2015,NORTH CANAAN,361,"633,889.00","1,756.00"
2015,NORTH HAVEN,"11,596","44,591,181.00","3,845.00"
2015,NORTH STONINGTON,"2,360","7,529,450.00","3,190.00"
2015,NORWALK,"41,452","149,474,657.00","3,606.00"
2015,NORWICH,"17,587","26,506,224.00","1,507.00"
2015,OLD LYME,"3,645","24,035,235.00","6,594.00"
2015,OLD SAYBROOK,"4,985","23,230,008.00","4,660.00"
2015,ORANGE,"6,502","36,027,567.00","5,541.00"
2015,OXFORD,"5,679","23,723,023.00","4,177.00"
2015,PLAINFIELD,"6,411","10,209,696.00","1,593.00"
2015,PLAINVILLE,"8,721","20,660,199.00","2,369.00"
2015,PLYMOUTH,"5,684","13,641,566.00","2,400.00"
2015,POMFRET,"1,840","6,215,955.00","3,378.00"
2015,PORTLAND,"4,474","17,743,342.00","3,966.00"
2015,PRESTON,"2,110","5,543,357.00","2,627.00"
2015,PROSPECT,"4,465","16,267,046.00","3,643.00"
2015,PUTNAM,"4,010","5,867,695.00","1,463.00"
2015,REDDING,"3,873","38,950,565.00","10,057.00"
2015,RIDGEFIELD,"10,107","112,915,138.00","11,172.00"
2015,ROCKY HILL,"9,653","35,811,046.00","3,710.00"
2015,ROXBURY,985,"8,520,971.00","8,651.00"
2015,SALEM,"1,877","8,167,548.00","4,351.00"
2015,SALISBURY,"1,618","7,457,918.00","4,609.00"
2015,SCOTLAND,332,"790,791.00","2,382.00"
2015,SEYMOUR,"7,777","21,948,975.00","2,822.00"
2015,SHARON,"1,006","9,465,210.00","9,409.00"
2015,SHELTON,"19,144","67,798,866.00","3,542.00"
2015,SHERMAN,"1,601","7,818,459.00","4,883.00"
2015,SIMSBURY,"10,588","81,431,034.00","7,691.00"
2015,SOMERS,"4,328","16,559,782.00","3,826.00"
2015,SOUTHBURY ,"8,890","39,433,542.00","4,436.00"
2015,SOUTHINGTON ,"20,307","74,171,095.00","3,652.00"
2015,SOUTH WINDSOR ,"12,133","53,373,812.00","4,399.00"
2015,SPRAGUE,"1,499","3,072,378.00","2,050.00"
2015,STAFFORD,"5,446","11,948,350.00","2,194.00"
2015,STAMFORD,"60,309","264,165,119.00","4,380.00"
2015,STERLING,"1,438","2,489,927.00","1,732.00"
2015,STONINGTON,"12,536","51,729,104.00","4,126.00"
2015,STRATFORD,"24,976","63,238,824.00","2,532.00"
2015,SUFFIELD,"6,257","27,804,293.00","4,444.00"
2015,THOMASTON,"3,669","9,380,075.00","2,557.00"
2015,THOMPSON,"4,188","5,530,218.00","1,320.00"
2015,TOLLAND,"6,616","31,849,219.00","4,814.00"
2015,TORRINGTON,"16,049","30,244,437.00","1,885.00"
2015,TRUMBULL,"15,631","80,399,259.00","5,144.00"
2015,UNION,274,"854,325.00","3,118.00"
2015,VERNON,"14,373","34,786,609.00","2,420.00"
2015,VOLUNTOWN,"1,195","2,518,580.00","2,108.00"
2015,WALLINGFORD,"21,600","70,425,658.00","3,260.00"
2015,WARREN,413,"1,856,528.00","4,495.00"
2015,WASHINGTON,"1,799","12,475,157.00","6,934.00"
2015,WATERBURY,"45,988","54,307,818.00","1,181.00"
2015,WATERFORD,"9,485","30,581,837.00","3,224.00"
2015,WATERTOWN,"10,415","32,521,757.00","3,123.00"
2015,WESTBROOK ,"3,206","12,607,135.00","3,932.00"
2015,WEST HARTFORD ,"28,342","174,278,984.00","6,149.00"
2015,WEST HAVEN ,"24,306","41,420,527.00","1,704.00"
2015,WESTON,"4,005","66,758,635.00","16,669.00"
2015,WESTPORT,"11,464","218,488,472.00","19,059.00"
2015,WETHERSFIELD,"13,025","45,085,227.00","3,461.00"
2015,WILLINGTON,"2,646","8,084,864.00","3,056.00"
2015,WILTON,"7,374","104,403,853.00","14,158.00"
2015,WINCHESTER,"4,944","9,737,322.00","1,970.00"
2015,WINDHAM,"9,418","12,590,643.00","1,337.00"
2015,WINDSOR,"14,572","38,891,913.00","2,669.00"
2015,WINDSOR LOCKS,"6,396","13,589,930.00","2,125.00"
2015,WOLCOTT,"7,673","22,458,690.00","2,927.00"
2015,WOODBRIDGE,"4,017","44,178,917.00","10,998.00"
2015,WOODBURY,"4,640","22,679,944.00","4,888.00"
2015,WOODSTOCK,"3,581","10,673,207.00","2,981.00"
2014,ANDOVER,"1,495","5,319,220.00","3,558.00"
2014,ANSONIA,"8,447","14,032,985.00","1,661.00"
2014,ASHFORD,"2,056","5,458,707.00","2,655.00"
2014,AVON,"8,350","78,664,629.00","9,421.00"
2014,BARKHAMSTED,"1,765","5,544,279.00","3,141.00"
2014,BEACON FALLS,"2,827","7,770,931.00","2,749.00"
2014,BERLIN,"9,997","36,580,567.00","3,659.00"
2014,BETHANY,"2,415","13,232,597.00","5,479.00"
2014,BETHEL,"8,554","25,152,444.00","2,940.00"
2014,BETHLEHEM,"1,675","5,549,479.00","3,313.00"
2014,BLOOMFIELD,"10,639","34,072,681.00","3,203.00"
2014,BOLTON,"2,339","9,863,474.00","4,217.00"
2014,BOZRAH,"1,192","3,393,791.00","2,847.00"
2014,BRANFORD,"14,073","55,936,384.00","3,975.00"
2014,BRIDGEPORT,"58,401","56,416,179.00",966.00
2014,BRIDGEWATER,765,"4,979,155.00","6,509.00"
2014,BRISTOL,"28,030","61,315,014.00","2,187.00"
2014,BROOKFIELD,"7,793","31,610,830.00","4,056.00"
2014,BROOKLYN,"3,352","7,713,738.00","2,301.00"
2014,BURLINGTON,"4,239","22,031,703.00","5,197.00"
2014,CANAAN,"1,733","3,263,775.00","1,883.00"
2014,CANTERBURY,"2,312","5,024,854.00","2,173.00"
2014,CANTON,"4,521","24,992,518.00","5,528.00"
2014,CHAPLIN,967,"2,107,788.00","2,180.00"
2014,CHESHIRE,"12,210","65,146,826.00","5,336.00"
2014,CHESTER,"1,827","7,587,065.00","4,153.00"
2014,CLINTON,"6,189","22,247,531.00","3,595.00"
2014,COLCHESTER,"7,314","24,546,856.00","3,356.00"
2014,COLEBROOK,338,"1,197,311.00","3,542.00"
2014,COLUMBIA,"2,575","8,768,360.00","3,405.00"
2014,CORNWALL,752,"3,306,771.00","4,397.00"
2014,COVENTRY,"5,670","18,253,339.00","3,219.00"
2014,CROMWELL,"6,921","27,021,855.00","3,904.00"
2014,DANBURY,"35,481","68,757,943.00","1,938.00"
2014,DARIEN,"8,306","192,335,456.00","23,156.00"
2014,DEEP RIVER,"2,169","9,210,127.00","4,246.00"
2014,DERBY,"5,704","11,076,210.00","1,942.00"
2014,DURHAM,"3,322","18,688,185.00","5,626.00"
2014,EASTFORD ,697,"1,782,931.00","2,558.00"
2014,EAST GRANBY ,"2,521","9,662,857.00","3,833.00"
2014,EAST HADDAM ,"3,693","14,861,520.00","4,024.00"
2014,EAST HAMPTON ,"5,989","22,508,920.00","3,758.00"
2014,EAST HARTFORD ,"24,031","33,383,923.00","1,389.00"
2014,EAST HAVEN ,"13,219","28,427,517.00","2,151.00"
2014,EAST LYME ,"8,153","34,744,312.00","4,262.00"
2014,EASTON ,"3,183","33,122,221.00","10,406.00"
2014,EAST WINDSOR ,"5,433","12,931,298.00","2,380.00"
2014,ELLINGTON,"7,443","30,260,989.00","4,066.00"
2014,ENFIELD,"19,468","39,359,880.00","2,022.00"
2014,ESSEX,"3,147","20,745,589.00","6,592.00"
2014,FAIRFIELD,"24,004","201,169,692.00","8,381.00"
2014,FARMINGTON,"11,964","80,523,931.00","6,731.00"
2014,FRANKLIN,907,"2,627,419.00","2,897.00"
2014,GLASTONBURY,"15,557","113,769,961.00","7,313.00"
2014,GOSHEN,"1,345","6,918,587.00","5,144.00"
2014,GRANBY,"4,969","24,853,187.00","5,002.00"
2014,GREENWICH,"26,622","721,738,052.00","27,111.00"
2014,GRISWOLD,"5,453","10,500,047.00","1,926.00"
2014,GROTON,"11,213","24,896,100.00","2,220.00"
2014,GUILFORD,"9,894","68,733,877.00","6,947.00"
2014,HADDAM,"3,838","15,819,427.00","4,122.00"
2014,HAMDEN,"24,998","74,673,173.00","2,987.00"
2014,HAMPTON,"1,053","3,177,741.00","3,018.00"
2014,HARTFORD,"47,872","46,056,856.00",962.00
2014,HARTLAND,810,"2,481,032.00","3,063.00"
2014,HARWINTON,"2,485","9,198,275.00","3,702.00"
2014,HEBRON,"4,140","18,915,451.00","4,569.00"
2014,KENT,"1,277","4,538,790.00","3,554.00"
2014,KILLINGLY,"7,598","10,966,064.00","1,443.00"
2014,KILLINGWORTH,"2,811","14,089,735.00","5,012.00"
2014,LEBANON,"3,179","9,203,903.00","2,895.00"
2014,LEDYARD,"6,586","19,083,365.00","2,898.00"
2014,LISBON,"1,631","4,222,804.00","2,589.00"
2014,LITCHFIELD,"3,790","16,908,817.00","4,461.00"
2014,LYME,938,"7,031,942.00","7,497.00"
2014,MADISON,"7,984","59,997,858.00","7,515.00"
2014,MANCHESTER,"27,961","65,318,457.00","2,336.00"
2014,MANSFIELD,"5,449","18,397,930.00","3,376.00"
2014,MARLBOROUGH,"2,844","13,472,373.00","4,737.00"
2014,MERIDEN,"26,881","50,209,704.00","1,868.00"
2014,MIDDLEBURY,"3,383","21,039,290.00","6,219.00"
2014,MIDDLEFIELD,"2,036","7,590,031.00","3,728.00"
2014,MIDDLETOWN,"20,737","54,077,052.00","2,608.00"
2014,MILFORD,"25,595","116,711,928.00","4,560.00"
2014,MONROE,"8,693","42,543,886.00","4,894.00"
2014,MONTVILLE,"8,204","18,402,686.00","2,243.00"
2014,MORRIS,"1,030","3,749,415.00","3,640.00"
2014,NAUGATUCK,"14,239","28,842,958.00","2,026.00"
2014,NEW BRITAIN,"30,428","35,738,362.00","1,175.00"
2014,NEW CANAAN,"8,103","217,193,006.00","26,804.00"
2014,NEW FAIRFIELD,"6,047","20,119,096.00","3,327.00"
2014,NEW HARTFORD,"3,186","12,623,531.00","3,962.00"
2014,NEW HAVEN,"48,156","81,878,330.00","1,700.00"
2014,NEWINGTON ,"15,232","40,609,285.00","2,666.00"
2014,NEW LONDON ,"10,795","13,951,484.00","1,292.00"
2014,NEW MILFORD ,"12,687","35,246,772.00","2,778.00"
2014,NEWTOWN,"11,446","69,534,772.00","6,075.00"
2014,NORFOLK,725,"2,479,732.00","3,420.00"
2014,NORTH BRANFORD,"6,750","24,740,444.00","3,665.00"
2014,NORTH CANAAN,365,"636,360.00","1,743.00"
2014,NORTH HAVEN,"11,563","42,335,472.00","3,661.00"
2014,NORTH STONINGTON,"2,359","7,270,469.00","3,082.00"
2014,NORWALK,"40,771","149,373,852.00","3,664.00"
2014,NORWICH,"17,253","26,209,636.00","1,519.00"
2014,OLD LYME,"3,645","25,448,999.00","6,982.00"
2014,OLD SAYBROOK,"4,963","23,063,481.00","4,647.00"
2014,ORANGE,"6,466","37,021,167.00","5,726.00"
2014,OXFORD,"5,578","22,929,091.00","4,111.00"
2014,PLAINFIELD,"6,409","10,094,496.00","1,575.00"
2014,PLAINVILLE,"8,601","19,417,770.00","2,258.00"
2014,PLYMOUTH,"5,663","12,917,776.00","2,281.00"
2014,POMFRET,"1,838","6,154,371.00","3,348.00"
2014,PORTLAND,"4,413","16,414,283.00","3,720.00"
2014,PRESTON,"2,085","5,305,969.00","2,545.00"
2014,PROSPECT,"4,446","14,651,421.00","3,295.00"
2014,PUTNAM,"3,953","5,220,775.00","1,321.00"
2014,REDDING,"3,965","35,896,194.00","9,053.00"
2014,RIDGEFIELD,"10,079","101,548,648.00","10,075.00"
2014,ROCKY HILL,"9,704","35,180,477.00","3,625.00"
2014,ROXBURY,999,"7,880,053.00","7,888.00"
2014,SALEM,"1,891","7,727,025.00","4,086.00"
2014,SALISBURY,"1,646","6,929,884.00","4,210.00"
2014,SCOTLAND,346,"754,674.00","2,181.00"
2014,SEYMOUR,"7,706","20,762,505.00","2,694.00"
2014,SHARON,"1,029","8,724,221.00","8,478.00"
2014,SHELTON,"18,890","65,291,424.00","3,456.00"
2014,SHERMAN,"1,628","6,752,179.00","4,148.00"
2014,SIMSBURY,"10,515","79,850,485.00","7,594.00"
2014,SOMERS,"4,351","16,916,613.00","3,888.00"
2014,SOUTHBURY ,"8,952","39,022,616.00","4,359.00"
2014,SOUTHINGTON ,"20,119","70,228,155.00","3,491.00"
2014,SOUTH WINDSOR ,"12,076","52,552,627.00","4,352.00"
2014,SPRAGUE,"1,442","2,892,419.00","2,006.00"
2014,STAFFORD,"5,455","11,931,784.00","2,187.00"
2014,STAMFORD,"59,719","308,365,619.00","5,164.00"
2014,STERLING,"1,406","2,348,555.00","1,670.00"
2014,STONINGTON,"12,428","49,770,731.00","4,005.00"
2014,STRATFORD,"24,512","59,806,234.00","2,440.00"
2014,SUFFIELD,"6,159","28,120,014.00","4,566.00"
2014,THOMASTON,"3,619","8,862,242.00","2,449.00"
2014,THOMPSON,"4,142","5,113,974.00","1,235.00"
2014,TOLLAND,"6,579","30,769,410.00","4,677.00"
2014,TORRINGTON,"15,895","28,879,823.00","1,817.00"
2014,TRUMBULL,"15,659","77,571,991.00","4,954.00"
2014,UNION,287,"951,185.00","3,314.00"
2014,VERNON,"14,244","34,203,421.00","2,401.00"
2014,VOLUNTOWN,"1,157","2,405,339.00","2,079.00"
2014,WALLINGFORD,"21,445","66,993,438.00","3,124.00"
2014,WARREN,400,"1,699,060.00","4,248.00"
2014,WASHINGTON,"1,785","14,006,976.00","7,847.00"
2014,WATERBURY,"45,278","51,242,874.00","1,132.00"
2014,WATERFORD,"9,460","30,362,416.00","3,210.00"
2014,WATERTOWN,"10,311","30,829,969.00","2,990.00"
2014,WESTBROOK ,"3,217","11,927,579.00","3,708.00"
2014,WEST HARTFORD ,"28,107","164,424,754.00","5,850.00"
2014,WEST HAVEN ,"23,954","39,297,710.00","1,641.00"
2014,WESTON,"4,072","61,810,992.00","15,180.00"
2014,WESTPORT,"11,477","216,319,916.00","18,848.00"
2014,WETHERSFIELD,"12,947","44,021,645.00","3,400.00"
2014,WILLINGTON,"2,662","7,961,201.00","2,991.00"
2014,WILTON,"7,440","103,618,053.00","13,927.00"
2014,WINCHESTER,"5,090","9,746,031.00","1,915.00"
2014,WINDHAM,"9,263","11,762,173.00","1,270.00"
2014,WINDSOR,"14,438","37,828,594.00","2,620.00"
2014,WINDSOR LOCKS,"6,349","13,005,291.00","2,048.00"
2014,WOLCOTT,"7,564","21,601,209.00","2,856.00"
2014,WOODBRIDGE,"4,113","55,433,572.00","13,478.00"
2014,WOODBURY,"4,528","21,289,880.00","4,702.00"
2014,WOODSTOCK,"3,543","9,794,381.00","2,764.00"
2013,ANDOVER,"1,505","5,073,858.00","3,371.00"
2013,ANSONIA,"8,353","13,355,920.00","1,599.00"
2013,ASHFORD,"2,009","4,971,720.00","2,475.00"
2013,AVON,"8,330","78,813,288.00","9,461.00"
2013,BARKHAMSTED,"1,799","5,112,541.00","2,842.00"
2013,BEACON FALLS,"2,760","7,341,967.00","2,660.00"
2013,BERLIN,"9,794","34,282,274.00","3,500.00"
2013,BETHANY,"2,426","13,493,338.00","5,562.00"
2013,BETHEL,"8,467","24,200,421.00","2,858.00"
2013,BETHLEHEM,"1,660","5,507,112.00","3,318.00"
2013,BLOOMFIELD,"10,476","31,555,058.00","3,012.00"
2013,BOLTON,"2,261","9,371,529.00","4,145.00"
2013,BOZRAH,"1,188","3,090,105.00","2,601.00"
2013,BRANFORD,"13,900","52,444,195.00","3,773.00"
2013,BRIDGEPORT,"57,580","54,003,743.00",938.00
2013,BRIDGEWATER,774,"4,562,830.00","5,895.00"
2013,BRISTOL,"27,756","58,941,009.00","2,124.00"
2013,BROOKFIELD,"7,628","29,937,263.00","3,925.00"
2013,BROOKLYN,"3,352","7,175,443.00","2,141.00"
2013,BURLINGTON,"4,104","21,192,987.00","5,164.00"
2013,CANAAN,"1,740","3,058,395.00","1,758.00"
2013,CANTERBURY,"2,277","4,847,871.00","2,129.00"
2013,CANTON,"4,590","23,832,224.00","5,192.00"
2013,CHAPLIN,987,"1,948,447.00","1,974.00"
2013,CHESHIRE,"12,021","61,447,469.00","5,112.00"
2013,CHESTER,"1,756","8,068,065.00","4,595.00"
2013,CLINTON,"6,151","19,317,089.00","3,140.00"
2013,COLCHESTER,"7,215","23,441,702.00","3,249.00"
2013,COLEBROOK,346,"1,222,405.00","3,533.00"
2013,COLUMBIA,"2,553","8,310,472.00","3,255.00"
2013,CORNWALL,721,"2,542,488.00","3,526.00"
2013,COVENTRY,"5,645","17,878,127.00","3,167.00"
2013,CROMWELL,"6,859","25,363,268.00","3,698.00"
2013,DANBURY,"34,710","65,437,507.00","1,885.00"
2013,DARIEN,"8,052","163,498,104.00","20,305.00"
2013,DEEP RIVER,"2,117","7,717,291.00","3,645.00"
2013,DERBY,"5,700","10,662,759.00","1,871.00"
2013,DURHAM,"3,285","17,807,577.00","5,421.00"
2013,EASTFORD ,673,"1,742,814.00","2,590.00"
2013,EAST GRANBY ,"2,488","9,410,951.00","3,783.00"
2013,EAST HADDAM ,"3,652","12,757,856.00","3,493.00"
2013,EAST HAMPTON ,"5,964","21,145,876.00","3,546.00"
2013,EAST HARTFORD ,"23,433","31,909,217.00","1,362.00"
2013,EAST HAVEN ,"13,149","27,361,293.00","2,081.00"
2013,EAST LYME ,"8,092","30,657,830.00","3,789.00"
2013,EASTON ,"3,158","28,346,367.00","8,976.00"
2013,EAST WINDSOR ,"5,416","12,418,304.00","2,293.00"
2013,ELLINGTON,"7,273","26,283,209.00","3,614.00"
2013,ENFIELD,"19,401","37,348,020.00","1,925.00"
2013,ESSEX,"3,132","19,279,084.00","6,156.00"
2013,FAIRFIELD,"23,967","183,419,529.00","7,653.00"
2013,FARMINGTON,"11,776","76,224,575.00","6,473.00"
2013,FRANKLIN,871,"2,531,987.00","2,907.00"
2013,GLASTONBURY,"15,423","104,266,709.00","6,760.00"
2013,GOSHEN,"1,306","5,664,893.00","4,338.00"
2013,GRANBY,"4,952","23,804,678.00","4,807.00"
2013,GREENWICH,"26,551","642,773,992.00","24,209.00"
2013,GRISWOLD,"5,378","9,847,277.00","1,831.00"
2013,GROTON,"10,947","23,456,819.00","2,143.00"
2013,GUILFORD,"9,790","62,867,666.00","6,422.00"
2013,HADDAM,"3,863","15,017,104.00","3,887.00"
2013,HAMDEN,"24,895","71,165,946.00","2,859.00"
2013,HAMPTON,"1,058","2,511,713.00","2,374.00"
2013,HARTFORD,"47,559","42,931,306.00",903.00
2013,HARTLAND,782,"2,378,215.00","3,041.00"
2013,HARWINTON,"2,456","8,771,243.00","3,571.00"
2013,HEBRON,"4,112","18,078,394.00","4,396.00"
2013,KENT,"1,275","3,687,338.00","2,892.00"
2013,KILLINGLY,"7,498","10,877,419.00","1,451.00"
2013,KILLINGWORTH,"2,764","13,256,081.00","4,796.00"
2013,LEBANON,"3,143","8,598,164.00","2,736.00"
2013,LEDYARD,"6,655","17,754,591.00","2,668.00"
2013,LISBON,"1,631","3,939,789.00","2,416.00"
2013,LITCHFIELD,"3,771","14,893,728.00","3,950.00"
2013,LYME,943,"6,513,275.00","6,907.00"
2013,MADISON,"7,811","52,856,415.00","6,767.00"
2013,MANCHESTER,"27,606","62,152,790.00","2,251.00"
2013,MANSFIELD,"5,361","17,570,762.00","3,278.00"
2013,MARLBOROUGH,"2,754","12,466,975.00","4,527.00"
2013,MERIDEN,"26,513","45,769,891.00","1,726.00"
2013,MIDDLEBURY,"3,330","18,873,739.00","5,668.00"
2013,MIDDLEFIELD,"2,037","7,060,411.00","3,466.00"
2013,MIDDLETOWN,"20,489","51,669,551.00","2,522.00"
2013,MILFORD,"25,244","112,490,176.00","4,456.00"
2013,MONROE,"8,564","40,319,662.00","4,708.00"
2013,MONTVILLE,"8,143","17,023,568.00","2,091.00"
2013,MORRIS,"1,038","3,592,559.00","3,461.00"
2013,NAUGATUCK,"14,099","27,567,155.00","1,955.00"
2013,NEW BRITAIN,"29,970","34,591,870.00","1,154.00"
2013,NEW CANAAN,"8,128","201,245,362.00","24,760.00"
2013,NEW FAIRFIELD,"5,945","18,475,358.00","3,108.00"
2013,NEW HARTFORD,"3,162","11,725,215.00","3,708.00"
2013,NEW HAVEN,"48,136","79,097,584.00","1,643.00"
2013,NEWINGTON ,"15,090","38,614,547.00","2,559.00"
2013,NEW LONDON ,"10,567","12,994,105.00","1,230.00"
2013,NEW MILFORD ,"12,526","32,833,712.00","2,621.00"
2013,NEWTOWN,"11,318","64,080,392.00","5,662.00"
2013,NORFOLK,730,"2,414,898.00","3,308.00"
2013,NORTH BRANFORD,"6,812","21,740,252.00","3,191.00"
2013,NORTH CANAAN,346,"571,090.00","1,651.00"
2013,NORTH HAVEN,"11,400","39,894,271.00","3,499.00"
2013,NORTH STONINGTON,"2,355","6,907,052.00","2,933.00"
2013,NORWALK,"40,307","133,290,002.00","3,307.00"
2013,NORWICH,"17,105","24,804,212.00","1,450.00"
2013,OLD LYME,"3,634","22,019,557.00","6,059.00"
2013,OLD SAYBROOK,"4,953","20,505,111.00","4,140.00"
2013,ORANGE,"6,365","35,380,542.00","5,559.00"
2013,OXFORD,"5,516","21,595,530.00","3,915.00"
2013,PLAINFIELD,"6,337","9,473,239.00","1,495.00"
2013,PLAINVILLE,"8,540","18,344,523.00","2,148.00"
2013,PLYMOUTH,"5,572","12,087,409.00","2,169.00"
2013,POMFRET,"1,826","5,814,003.00","3,184.00"
2013,PORTLAND,"4,357","15,394,000.00","3,533.00"
2013,PRESTON,"2,051","5,246,494.00","2,558.00"
2013,PROSPECT,"4,375","13,629,566.00","3,115.00"
2013,PUTNAM,"3,962","5,038,203.00","1,272.00"
2013,REDDING,"3,929","32,629,717.00","8,305.00"
2013,RIDGEFIELD,"9,918","97,291,916.00","9,810.00"
2013,ROCKY HILL,"9,577","33,286,824.00","3,476.00"
2013,ROXBURY,978,"7,118,094.00","7,278.00"
2013,SALEM,"1,882","7,540,694.00","4,007.00"
2013,SALISBURY,"1,662","6,410,648.00","3,857.00"
2013,SCOTLAND,349,"727,309.00","2,084.00"
2013,SEYMOUR,"7,612","19,961,083.00","2,622.00"
2013,SHARON,"1,027","6,800,787.00","6,622.00"
2013,SHELTON,"18,754","61,844,602.00","3,298.00"
2013,SHERMAN,"1,579","6,131,813.00","3,883.00"
2013,SIMSBURY,"10,425","73,996,992.00","7,098.00"
2013,SOMERS,"4,312","16,359,086.00","3,794.00"
2013,SOUTHBURY ,"8,812","36,994,453.00","4,198.00"
2013,SOUTHINGTON ,"19,751","65,814,284.00","3,332.00"
2013,SOUTH WINDSOR ,"11,932","48,513,827.00","4,066.00"
2013,SPRAGUE,"1,477","2,831,104.00","1,917.00"
2013,STAFFORD,"5,398","10,995,921.00","2,037.00"
2013,STAMFORD,"58,528","297,769,493.00","5,088.00"
2013,STERLING,"1,373","2,154,129.00","1,569.00"
2013,STONINGTON,"12,376","47,043,707.00","3,801.00"
2013,STRATFORD,"24,077","57,143,205.00","2,373.00"
2013,SUFFIELD,"6,135","25,921,844.00","4,225.00"
2013,THOMASTON,"3,605","8,577,855.00","2,379.00"
2013,THOMPSON,"4,051","4,680,507.00","1,155.00"
2013,TOLLAND,"6,603","28,842,036.00","4,368.00"
2013,TORRINGTON,"15,855","28,327,770.00","1,787.00"
2013,TRUMBULL,"15,420","71,776,938.00","4,655.00"
2013,UNION,284,"866,412.00","3,051.00"
2013,VERNON,"13,971","32,549,753.00","2,330.00"
2013,VOLUNTOWN,"1,164","2,253,362.00","1,936.00"
2013,WALLINGFORD,"21,279","63,882,053.00","3,002.00"
2013,WARREN,407,"1,709,673.00","4,201.00"
2013,WASHINGTON,"1,811","12,195,107.00","6,734.00"
2013,WATERBURY,"45,088","50,057,070.00","1,110.00"
2013,WATERFORD,"9,303","28,417,588.00","3,055.00"
2013,WATERTOWN,"10,194","29,268,372.00","2,871.00"
2013,WESTBROOK ,"3,145","10,878,195.00","3,459.00"
2013,WEST HARTFORD ,"27,995","156,495,123.00","5,590.00"
2013,WEST HAVEN ,"23,766","37,495,748.00","1,578.00"
2013,WESTON,"3,893","60,544,120.00","15,552.00"
2013,WESTPORT,"11,403","179,945,528.00","15,781.00"
2013,WETHERSFIELD,"12,873","41,186,054.00","3,199.00"
2013,WILLINGTON,"2,597","7,232,020.00","2,785.00"
2013,WILTON,"7,272","90,087,767.00","12,388.00"
2013,WINCHESTER,"5,004","9,315,477.00","1,862.00"
2013,WINDHAM,"9,169","10,999,384.00","1,200.00"
2013,WINDSOR,"14,292","36,867,688.00","2,580.00"
2013,WINDSOR LOCKS,"6,254","12,438,011.00","1,989.00"
2013,WOLCOTT,"7,446","20,625,005.00","2,770.00"
2013,WOODBRIDGE,"4,055","44,255,292.00","10,914.00"
2013,WOODBURY,"4,489","20,127,265.00","4,484.00"
2013,WOODSTOCK,"3,514","9,069,052.00","2,581.00"
2012,ANDOVER,"1,510","4,768,776.00","3,158.00"
2012,ANSONIA,"8,299","13,233,519.00","1,595.00"
2012,ASHFORD,"1,992","5,102,877.00","2,562.00"
2012,AVON,"8,105","81,247,716.00","10,024.00"
2012,BARKHAMSTED,"1,640","4,897,122.00","2,986.00"
2012,BEACON FALLS,"2,716","7,047,592.00","2,595.00"
2012,BERLIN,"9,573","33,726,360.00","3,523.00"
2012,BETHANY,"2,479","13,671,128.00","5,515.00"
2012,BETHEL,"8,288","23,571,112.00","2,844.00"
2012,BETHLEHEM,"1,670","5,298,158.00","3,173.00"
2012,BLOOMFIELD,"10,313","31,838,693.00","3,087.00"
2012,BOLTON,"2,342","9,544,326.00","4,075.00"
2012,BOZRAH,"1,178","2,966,667.00","2,518.00"
2012,BRANFORD,"13,778","51,609,249.00","3,746.00"
2012,BRIDGEPORT,"56,838","54,067,580.00",951.00
2012,BRIDGEWATER,813,"5,182,096.00","6,374.00"
2012,BRISTOL,"27,400","57,413,248.00","2,095.00"
2012,BROOKFIELD,"7,502","28,976,267.00","3,862.00"
2012,BROOKLYN,"3,250","6,866,820.00","2,113.00"
2012,BURLINGTON,"4,108","20,163,715.00","4,908.00"
2012,CANAAN,"1,793","3,183,401.00","1,775.00"
2012,CANTERBURY,"2,270","4,657,508.00","2,052.00"
2012,CANTON,"4,533","23,843,392.00","5,260.00"
2012,CHAPLIN,"1,001","1,949,323.00","1,947.00"
2012,CHESHIRE,"11,799","65,589,129.00","5,559.00"
2012,CHESTER,"1,764","7,169,089.00","4,064.00"
2012,CLINTON,"6,111","18,977,909.00","3,106.00"
2012,COLCHESTER,"7,124","22,732,771.00","3,191.00"
2012,COLEBROOK,285,"1,116,220.00","3,917.00"
2012,COLUMBIA,"2,524","8,643,606.00","3,425.00"
2012,CORNWALL,684,"2,980,826.00","4,358.00"
2012,COVENTRY,"5,540","16,758,708.00","3,025.00"
2012,CROMWELL,"6,795","24,747,792.00","3,642.00"
2012,DANBURY,"33,729","64,011,384.00","1,898.00"
2012,DARIEN,"8,132","160,005,372.00","19,676.00"
2012,DEEP RIVER,"2,148","8,067,720.00","3,756.00"
2012,DERBY,"5,623","10,478,924.00","1,864.00"
2012,DURHAM,"3,268","16,906,106.00","5,173.00"
2012,EASTFORD ,647,"1,626,224.00","2,513.00"
2012,EAST GRANBY ,"2,427","9,097,680.00","3,749.00"
2012,EAST HADDAM ,"3,646","12,620,273.00","3,461.00"
2012,EAST HAMPTON ,"5,957","21,731,458.00","3,648.00"
2012,EAST HARTFORD ,"23,440","31,619,392.00","1,349.00"
2012,EAST HAVEN ,"13,082","27,685,242.00","2,116.00"
2012,EAST LYME ,"8,018","29,914,564.00","3,731.00"
2012,EASTON ,"3,155","32,462,244.00","10,289.00"
2012,EAST WINDSOR ,"5,359","12,098,468.00","2,258.00"
2012,ELLINGTON,"7,056","26,170,411.00","3,709.00"
2012,ENFIELD,"19,042","36,681,592.00","1,926.00"
2012,ESSEX,"3,181","19,890,865.00","6,253.00"
2012,FAIRFIELD,"23,937","188,514,551.00","7,875.00"
2012,FARMINGTON,"11,606","77,418,046.00","6,671.00"
2012,FRANKLIN,905,"2,588,987.00","2,861.00"
2012,GLASTONBURY,"15,297","104,503,025.00","6,832.00"
2012,GOSHEN,"1,331","5,321,871.00","3,998.00"
2012,GRANBY,"4,880","23,700,315.00","4,857.00"
2012,GREENWICH,"26,816","847,304,166.00","31,597.00"
2012,GRISWOLD,"5,693","10,609,506.00","1,864.00"
2012,GROTON,"10,640","22,387,198.00","2,104.00"
2012,GUILFORD,"9,774","67,865,204.00","6,943.00"
2012,HADDAM,"3,765","14,599,699.00","3,878.00"
2012,HAMDEN,"24,891","70,817,483.00","2,845.00"
2012,HAMPTON,"1,095","3,001,390.00","2,741.00"
2012,HARTFORD,"47,054","43,496,449.00",924.00
2012,HARTLAND,756,"2,247,378.00","2,973.00"
2012,HARWINTON,"2,488","8,988,797.00","3,613.00"
2012,HEBRON,"4,126","18,440,153.00","4,469.00"
2012,KENT,"1,303","7,554,274.00","5,798.00"
2012,KILLINGLY,"7,484","10,507,462.00","1,404.00"
2012,KILLINGWORTH,"2,826","13,317,809.00","4,713.00"
2012,LEBANON,"3,194","8,365,738.00","2,619.00"
2012,LEDYARD,"6,623","17,834,593.00","2,693.00"
2012,LISBON,"1,449","3,178,967.00","2,194.00"
2012,LITCHFIELD,"3,761","16,768,789.00","4,459.00"
2012,LYME,728,"6,732,911.00","9,249.00"
2012,MADISON,"7,945","54,154,888.00","6,816.00"
2012,MANCHESTER,"27,009","60,461,116.00","2,239.00"
2012,MANSFIELD,"5,589","17,646,007.00","3,157.00"
2012,MARLBOROUGH,"2,800","12,652,328.00","4,519.00"
2012,MERIDEN,"26,269","44,927,419.00","1,710.00"
2012,MIDDLEBURY,"3,393","20,486,261.00","6,038.00"
2012,MIDDLEFIELD,"2,006","6,809,485.00","3,395.00"
2012,MIDDLETOWN,"19,812","49,466,152.00","2,497.00"
2012,MILFORD,"24,965","109,071,166.00","4,369.00"
2012,MONROE,"8,506","39,115,632.00","4,599.00"
2012,MONTVILLE,"8,091","16,630,264.00","2,055.00"
2012,MORRIS,"1,027","3,471,748.00","3,380.00"
2012,NAUGATUCK,"14,014","27,183,794.00","1,940.00"
2012,NEW BRITAIN,"29,484","34,925,616.00","1,185.00"
2012,NEW CANAAN,"8,307","204,718,657.00","24,644.00"
2012,NEW FAIRFIELD,"6,025","17,752,185.00","2,946.00"
2012,NEW HARTFORD,"3,149","12,441,619.00","3,951.00"
2012,NEW HAVEN,"46,059","77,853,166.00","1,690.00"
2012,NEWINGTON ,"14,740","38,093,181.00","2,584.00"
2012,NEW LONDON ,"10,439","13,032,833.00","1,248.00"
2012,NEW MILFORD ,"12,369","33,321,496.00","2,694.00"
2012,NEWTOWN,"11,377","67,997,692.00","5,977.00"
2012,NORFOLK,744,"2,537,278.00","3,410.00"
2012,NORTH BRANFORD,"6,824","21,738,017.00","3,186.00"
2012,NORTH CANAAN,255,"398,978.00","1,565.00"
2012,NORTH HAVEN,"11,300","40,722,764.00","3,604.00"
2012,NORTH STONINGTON,"2,370","6,727,481.00","2,839.00"
2012,NORWALK,"39,428","125,117,055.00","3,173.00"
2012,NORWICH,"17,081","24,769,384.00","1,450.00"
2012,OLD LYME,"3,911","29,460,924.00","7,533.00"
2012,OLD SAYBROOK,"4,909","20,249,901.00","4,125.00"
2012,ORANGE,"6,378","34,388,711.00","5,392.00"
2012,OXFORD,"5,614","21,825,014.00","3,888.00"
2012,PLAINFIELD,"6,305","9,077,733.00","1,440.00"
2012,PLAINVILLE,"8,517","17,968,847.00","2,110.00"
2012,PLYMOUTH,"5,538","11,847,882.00","2,139.00"
2012,POMFRET,"1,853","5,966,115.00","3,220.00"
2012,PORTLAND,"4,295","15,246,951.00","3,550.00"
2012,PRESTON,"2,101","5,298,336.00","2,522.00"
2012,PROSPECT,"4,390","13,346,417.00","3,040.00"
2012,PUTNAM,"3,879","4,940,917.00","1,274.00"
2012,REDDING,"3,970","41,645,321.00","10,490.00"
2012,RIDGEFIELD,"9,921","110,620,229.00","11,150.00"
2012,ROCKY HILL,"9,498","32,614,174.00","3,434.00"
2012,ROXBURY,989,"6,432,076.00","6,504.00"
2012,SALEM,"1,838","7,310,473.00","3,977.00"
2012,SALISBURY,"1,684","7,370,430.00","4,377.00"
2012,SCOTLAND,329,"589,658.00","1,792.00"
2012,SEYMOUR,"7,460","19,010,453.00","2,548.00"
2012,SHARON,"1,036","5,791,440.00","5,590.00"
2012,SHELTON,"18,391","60,394,146.00","3,284.00"
2012,SHERMAN,"1,657","6,604,167.00","3,986.00"
2012,SIMSBURY,"10,169","73,190,206.00","7,197.00"
2012,SOMERS,"4,266","17,212,881.00","4,035.00"
2012,SOUTHBURY ,"8,858","37,643,664.00","4,250.00"
2012,SOUTHINGTON ,"19,655","64,827,034.00","3,298.00"
2012,SOUTH WINDSOR ,"11,943","48,233,187.00","4,039.00"
2012,SPRAGUE,"1,474","2,702,238.00","1,833.00"
2012,STAFFORD,"1,486","2,618,408.00","1,762.00"
2012,STAMFORD,"57,097","246,051,956.00","4,309.00"
2012,STERLING,"1,346","1,981,860.00","1,472.00"
2012,STONINGTON,"12,203","45,798,804.00","3,753.00"
2012,STRATFORD,"23,864","56,079,318.00","2,350.00"
2012,SUFFIELD,"6,088","26,068,929.00","4,282.00"
2012,THOMASTON,"3,576","8,251,653.00","2,308.00"
2012,THOMPSON,"4,057","6,243,033.00","1,539.00"
2012,TOLLAND,"6,353","28,824,989.00","4,537.00"
2012,TORRINGTON,"15,673","28,746,190.00","1,834.00"
2012,TRUMBULL,"15,567","73,841,157.00","4,743.00"
2012,UNION,289,"745,680.00","2,580.00"
2012,VERNON,"14,045","32,162,959.00","2,290.00"
2012,VOLUNTOWN,"1,186","2,245,631.00","1,893.00"
2012,WALLINGFORD,"20,878","63,872,050.00","3,059.00"
2012,WARREN,354,"983,522.00","2,778.00"
2012,WASHINGTON,"1,884","14,207,841.00","7,541.00"
2012,WATERBURY,"44,189","50,155,418.00","1,135.00"
2012,WATERFORD,"9,313","28,217,252.00","3,030.00"
2012,WATERTOWN,"10,064","28,474,533.00","2,829.00"
2012,WESTBROOK ,"3,166","10,776,221.00","3,404.00"
2012,WEST HARTFORD ,"27,627","156,441,031.00","5,663.00"
2012,WEST HAVEN ,"23,643","37,756,508.00","1,597.00"
2012,WESTON,"4,069","63,253,732.00","15,545.00"
2012,WESTPORT,"11,820","216,187,490.00","18,290.00"
2012,WETHERSFIELD,"12,873","42,178,883.00","3,277.00"
2012,WILLINGTON,"2,570","7,236,084.00","2,816.00"
2012,WILTON,"7,358","99,741,375.00","13,556.00"
2012,WINCHESTER,"5,238","9,660,143.00","1,844.00"
2012,WINDHAM,"8,996","10,989,525.00","1,222.00"
2012,WINDSOR,"13,989","36,657,045.00","2,620.00"
2012,WINDSOR LOCKS,"6,189","12,016,566.00","1,942.00"
2012,WOLCOTT,"7,533","19,934,078.00","2,646.00"
2012,WOODBRIDGE,"4,119","42,457,830.00","10,308.00"
2012,WOODBURY,"4,544","21,498,566.00","4,731.00"
2012,WOODSTOCK,"3,470","9,119,980.00","2,628.00"
2011,ANDOVER,"1,491","4,606,400.00","3,089.00"
2011,ANSONIA,"8,229","12,859,369.00","1,563.00"
2011,ASHFORD,"1,995","4,921,563.00","2,467.00"
2011,AVON,"7,984","72,302,384.00","9,056.00"
2011,BARKHAMSTED,"1,796","7,035,596.00","3,917.00"
2011,BEACON FALLS,"2,689","6,830,314.00","2,540.00"
2011,BERLIN,"9,451","31,448,702.00","3,328.00"
2011,BETHANY,"2,447","12,990,194.00","5,309.00"
2011,BETHEL,"8,189","22,736,846.00","2,777.00"
2011,BETHLEHEM,"1,618","4,924,307.00","3,043.00"
2011,BLOOMFIELD,"10,322","29,158,464.00","2,825.00"
2011,BOLTON,"2,343","8,970,370.00","3,829.00"
2011,BOZRAH,"1,144","2,861,694.00","2,501.00"
2011,BRANFORD,"13,599","51,614,022.00","3,795.00"
2011,BRIDGEPORT,"56,379","51,904,762.00",921.00
2011,BRIDGEWATER,773,"4,583,023.00","5,929.00"
2011,BRISTOL,"27,309","56,025,216.00","2,052.00"
2011,BROOKFIELD,"7,420","26,980,986.00","3,636.00"
2011,BROOKLYN,"3,245","6,794,955.00","2,094.00"
2011,BURLINGTON,"4,057","18,446,848.00","4,547.00"
2011,CANAAN,"1,805","3,869,201.00","2,144.00"
2011,CANTERBURY,"2,278","4,569,592.00","2,006.00"
2011,CANTON,"4,487","21,998,820.00","4,903.00"
2011,CHAPLIN,"1,014","1,935,421.00","1,909.00"
2011,CHESHIRE,"11,720","60,675,031.00","5,177.00"
2011,CHESTER,"1,719","6,006,533.00","3,494.00"
2011,CLINTON,"6,044","18,218,929.00","3,014.00"
2011,COLCHESTER,"7,089","22,425,528.00","3,163.00"
2011,COLEBROOK,289,"1,039,788.00","3,598.00"
2011,COLUMBIA,"2,538","8,166,912.00","3,218.00"
2011,CORNWALL,701,"2,625,292.00","3,745.00"
2011,COVENTRY,"5,541","16,266,228.00","2,936.00"
2011,CROMWELL,"6,736","23,689,748.00","3,517.00"
2011,DANBURY,"32,974","62,536,655.00","1,897.00"
2011,DARIEN,"7,849","139,855,074.00","17,818.00"
2011,DEEP RIVER,"2,117","6,914,198.00","3,266.00"
2011,DERBY,"5,596","10,090,165.00","1,803.00"
2011,DURHAM,"3,211","15,373,835.00","4,788.00"
2011,EASTFORD,664,"1,654,664.00","2,492.00"
2011,EAST GRANBY,"2,381","8,501,123.00","3,570.00"
2011,EAST HADDAM,"3,584","11,805,373.00","3,294.00"
2011,EAST HAMPTON,"5,927","20,195,372.00","3,407.00"
2011,EAST HARTFORD,"23,466","30,864,226.00","1,315.00"
2011,EAST HAVEN,"13,057","25,922,824.00","1,985.00"
2011,EAST LYME,"8,028","28,932,185.00","3,604.00"
2011,EASTON,"3,049","31,136,949.00","10,212.00"
2011,EAST WINDSOR,"5,322","11,487,864.00","2,159.00"
2011,ELLINGTON,"7,024","23,259,797.00","3,311.00"
2011,ENFIELD,"19,111","35,634,721.00","1,865.00"
2011,ESSEX,"3,127","18,024,583.00","5,764.00"
2011,FAIRFIELD,"23,179","160,086,528.00","6,907.00"
2011,FARMINGTON,"11,682","72,706,859.00","6,224.00"
2011,FRANKLIN,865,"2,336,584.00","2,701.00"
2011,GLASTONBURY,"15,078","92,421,407.00","6,130.00"
2011,GOSHEN,"1,281","4,524,907.00","3,532.00"
2011,GRANBY,"4,881","21,614,401.00","4,428.00"
2011,GREENWICH,"25,611","619,906,088.00","24,205.00"
2011,GRISWOLD,"5,536","9,673,328.00","1,747.00"
2011,GROTON,"10,729","22,121,226.00","2,062.00"
2011,GUILFORD,"9,667","56,590,473.00","5,854.00"
2011,HADDAM,"3,708","13,672,495.00","3,687.00"
2011,HAMDEN,"24,938","69,450,228.00","2,785.00"
2011,HAMPTON,"1,087","2,521,573.00","2,320.00"
2011,HARTFORD,"47,192","42,196,083.00",894.00
2011,HARTLAND,743,"2,105,074.00","2,833.00"
2011,HARWINTON,"2,484","9,016,028.00","3,630.00"
2011,HEBRON,"4,062","16,386,676.00","4,034.00"
2011,KENT,"1,246","4,182,976.00","3,357.00"
2011,KILLINGLY,"7,528","10,080,811.00","1,339.00"
2011,KILLINGWORTH,"2,833","11,995,689.00","4,234.00"
2011,LEBANON,"3,185","8,113,661.00","2,547.00"
2011,LEDYARD,"6,547","17,222,850.00","2,631.00"
2011,LISBON,"1,612","3,916,820.00","2,430.00"
2011,LITCHFIELD,"3,666","15,515,941.00","4,232.00"
2011,LYME,917,"5,380,528.00","5,868.00"
2011,MADISON,"7,797","51,852,741.00","6,650.00"
2011,MANCHESTER,"26,921","57,957,464.00","2,153.00"
2011,MANSFIELD,"5,460","16,769,393.00","3,071.00"
2011,MARLBOROUGH,"2,757","11,484,152.00","4,165.00"
2011,MERIDEN,"26,313","44,321,345.00","1,684.00"
2011,MIDDLEBURY,"3,342","18,115,204.00","5,420.00"
2011,MIDDLEFIELD,"1,979","6,619,626.00","3,345.00"
2011,MIDDLETOWN,"20,105","48,710,544.00","2,423.00"
2011,MILFORD,"24,874","102,797,472.00","4,133.00"
2011,MONROE,"8,418","36,368,217.00","4,320.00"
2011,MONTVILLE,"8,111","16,498,744.00","2,034.00"
2011,MORRIS,999,"3,270,008.00","3,273.00"
2011,NAUGATUCK,"14,030","26,972,130.00","1,922.00"
2011,NEW BRITAIN,"29,407","33,036,715.00","1,123.00"
2011,NEW CANAAN,"7,852","208,802,864.00","26,592.00"
2011,NEW FAIRFIELD,"5,921","17,356,122.00","2,931.00"
2011,NEW HARTFORD,"3,095","12,386,919.00","4,002.00"
2011,NEW HAVEN,"45,589","79,085,644.00","1,735.00"
2011,NEWINGTON,"14,833","36,488,946.00","2,460.00"
2011,NEW LONDON,"10,432","13,288,549.00","1,274.00"
2011,NEW MILFORD,"12,173","32,030,598.00","2,631.00"
2011,NEWTOWN,"11,169","60,519,969.00","5,419.00"
2011,NORFOLK,768,"2,402,275.00","3,128.00"
2011,NORTH BRANFORD,"6,729","19,977,948.00","2,969.00"
2011,NORTH CANAAN,261,"382,365.00","1,465.00"
2011,NORTH HAVEN,"11,169","37,227,395.00","3,333.00"
2011,NORTH STONINGTON,"2,338","6,614,863.00","2,829.00"
2011,NORWALK,"38,172","122,042,409.00","3,197.00"
2011,NORWICH,"16,984","24,508,992.00","1,443.00"
2011,OLD LYME,"3,629","20,340,563.00","5,605.00"
2011,OLD SAYBROOK,"4,865","20,490,673.00","4,212.00"
2011,ORANGE,"6,307","35,169,415.00","5,576.00"
2011,OXFORD,"5,518","20,459,010.00","3,708.00"
2011,PLAINFIELD,"6,248","9,179,613.00","1,469.00"
2011,PLAINVILLE,"8,567","17,296,068.00","2,019.00"
2011,PLYMOUTH,"5,585","11,450,494.00","2,050.00"
2011,POMFRET,"1,817","5,461,126.00","3,006.00"
2011,PORTLAND,"4,295","14,290,027.00","3,327.00"
2011,PRESTON,"2,085","5,061,271.00","2,427.00"
2011,PROSPECT,"4,274","12,836,122.00","3,003.00"
2011,PUTNAM,"3,876","4,976,062.00","1,284.00"
2011,REDDING,"3,863","36,590,732.00","9,472.00"
2011,RIDGEFIELD,"9,698","102,560,062.00","10,575.00"
2011,ROCKY HILL,"9,366","31,577,010.00","3,371.00"
2011,ROXBURY,994,"7,391,640.00","7,436.00"
2011,SALEM,"1,841","6,941,438.00","3,770.00"
2011,SALISBURY,"1,581","6,167,172.00","3,901.00"
2011,SCOTLAND,328,"634,655.00","1,935.00"
2011,SEYMOUR,"7,385","18,421,757.00","2,494.00"
2011,SHARON,999,"6,063,872.00","6,070.00"
2011,SHELTON,"18,060","58,718,555.00","3,251.00"
2011,SHERMAN,"1,598","5,915,566.00","3,702.00"
2011,SIMSBURY,"9,940","69,853,404.00","7,028.00"
2011,SOMERS,"4,211","14,878,424.00","3,533.00"
2011,SOUTHBURY,"8,705","39,307,706.00","4,516.00"
2011,SOUTHINGTON,"19,453","62,881,981.00","3,233.00"
2011,SOUTH WINDSOR,"11,848","45,772,687.00","3,863.00"
2011,SPRAGUE,"1,488","2,702,655.00","1,816.00"
2011,STAFFORD,"5,142","10,169,710.00","1,978.00"
2011,STAMFORD,"55,567","228,878,512.00","4,119.00"
2011,STERLING,"1,364","2,011,462.00","1,475.00"
2011,STONINGTON,"12,160","42,579,553.00","3,502.00"
2011,STRATFORD,"23,784","53,770,482.00","2,261.00"
2011,SUFFIELD,"6,020","24,438,123.00","4,059.00"
2011,THOMASTON,"3,547","7,869,608.00","2,219.00"
2011,THOMPSON,"3,993","4,446,791.00","1,114.00"
2011,TOLLAND,"6,366","27,234,199.00","4,278.00"
2011,TORRINGTON,"15,686","27,331,254.00","1,742.00"
2011,TRUMBULL,"15,352","68,557,799.00","4,466.00"
2011,UNION,341,"905,978.00","2,657.00"
2011,VERNON,"13,745","32,993,113.00","2,400.00"
2011,VOLUNTOWN,"1,198","2,358,717.00","1,969.00"
2011,WALLINGFORD,"20,699","60,321,990.00","2,914.00"
2011,WARREN,435,"1,217,479.00","2,799.00"
2011,WASHINGTON,"1,876","9,184,970.00","4,896.00"
2011,WATERBURY,"45,141","49,759,850.00","1,102.00"
2011,WATERFORD,"9,249","26,952,934.00","2,914.00"
2011,WATERTOWN,"9,969","27,198,700.00","2,728.00"
2011,WESTBROOK,"3,131","9,544,864.00","3,049.00"
2011,WEST HARTFORD,"27,744","137,050,991.00","4,940.00"
2011,WEST HAVEN,"23,669","36,228,841.00","1,531.00"
2011,WESTON,"3,901","57,156,637.00","14,652.00"
2011,WESTPORT,"11,226","204,755,753.00","18,239.00"
2011,WETHERSFIELD,"12,827","39,124,331.00","3,050.00"
2011,WILLINGTON,"2,538","6,989,329.00","2,754.00"
2011,WILTON,"7,066","91,184,650.00","12,905.00"
2011,WINCHESTER,"5,238","9,606,929.00","1,834.00"
2011,WINDHAM,"9,190","10,694,717.00","1,164.00"
2011,WINDSOR,"14,067","35,769,105.00","2,543.00"
2011,WINDSOR LOCKS,"6,152","11,677,351.00","1,898.00"
2011,WOLCOTT,"7,406","19,329,635.00","2,610.00"
2011,WOODBRIDGE,"3,962","36,788,864.00","9,285.00"
2011,WOODBURY,"4,515","20,378,218.00","4,513.00"
2011,WOODSTOCK,"3,404","8,600,367.00","2,527.00"
2016,ANDOVER,"1,522","5,276,011.00","3,466.00"
2016,ANSONIA,"8,659","15,009,944.00","1,733.00"
2016,ASHFORD,"2,105","5,450,457.00","2,589.00"
2016,AVON,"8,455","84,101,775.00","9,947.00"
2016,BARKHAMSTED,"1,816","5,787,917.00","3,187.00"
2016,BEACON FALLS,"2,876","8,617,547.00","2,996.00"
2016,BERLIN,"10,086","39,038,292.00","3,871.00"
2016,BETHANY,"2,455","14,521,773.00","5,915.00"
2016,BETHEL,"8,750","27,308,692.00","3,121.00"
2016,BETHLEHEM,"1,687","5,960,149.00","3,533.00"
2016,BLOOMFIELD,"10,804","37,048,237.00","3,429.00"
2016,BOLTON,"2,384","10,382,142.00","4,355.00"
2016,BOZRAH,"1,211","3,708,101.00","3,062.00"
2016,BRANFORD,"14,392","59,880,479.00","4,161.00"
2016,BRIDGEPORT,"59,738","61,465,266.00","1,029.00"
2016,BRIDGEWATER,812,"6,126,378.00","7,545.00"
2016,BRISTOL,"28,599","64,236,830.00","2,246.00"
2016,BROOKFIELD,"8,133","33,892,504.00","4,167.00"
2016,BROOKLYN,"3,459","7,949,640.00","2,298.00"
2016,BURLINGTON,"4,285","23,265,298.00","5,429.00"
2016,CANAAN,"1,733","3,384,118.00","1,953.00"
2016,CANTERBURY,"2,326","5,485,537.00","2,358.00"
2016,CANTON,"4,680","25,759,516.00","5,504.00"
2016,CHAPLIN,"1,037","2,352,237.00","2,268.00"
2016,CHESHIRE,"12,393","67,387,530.00","5,438.00"
2016,CHESTER,"1,879","7,958,072.00","4,235.00"
2016,CLINTON,"6,343","22,095,898.00","3,484.00"
2016,COLCHESTER,"7,564","26,907,189.00","3,557.00"
2016,COLEBROOK,575,"1,823,173.00","3,171.00"
2016,COLUMBIA,"2,602","9,435,636.00","3,626.00"
2016,CORNWALL,741,"2,565,009.00","3,462.00"
2016,COVENTRY,"5,860","19,839,776.00","3,386.00"
2016,CROMWELL,"7,005","30,411,795.00","4,341.00"
2016,DANBURY,"36,562","71,479,696.00","1,955.00"
2016,DARIEN,"8,366","158,273,075.00","18,919.00"
2016,DEEP RIVER,"2,182","10,532,601.00","4,827.00"
2016,DERBY,"5,853","11,677,813.00","1,995.00"
2016,DURHAM,"3,468","20,680,305.00","5,963.00"
2016,EASTFORD ,682,"1,866,401.00","2,737.00"
2016,EAST GRANBY ,"2,482","10,047,295.00","4,048.00"
2016,EAST HADDAM ,"3,901","13,811,346.00","3,540.00"
2016,EAST HAMPTON ,"6,139","23,137,252.00","3,769.00"
2016,EAST HARTFORD ,"24,275","35,934,826.00","1,480.00"
2016,EAST HAVEN ,"13,453","30,922,610.00","2,299.00"
2016,EAST LYME ,"8,469","35,634,083.00","4,208.00"
2016,EASTON ,"3,245","31,991,827.00","9,859.00"
2016,EAST WINDSOR ,"5,597","13,875,142.00","2,479.00"
2016,ELLINGTON,"7,538","33,298,582.00","4,417.00"
2016,ENFIELD,"19,700","41,202,453.00","2,091.00"
2016,ESSEX,"3,202","20,666,271.00","6,454.00"
2016,FAIRFIELD,"24,521","210,571,456.00","8,587.00"
2016,FARMINGTON,"12,096","76,935,508.00","6,360.00"
2016,FRANKLIN,899,"2,740,373.00","3,048.00"
2016,GLASTONBURY,"15,851","112,422,443.00","7,092.00"
2016,GOSHEN,"1,339","6,631,283.00","4,952.00"
2016,GRANBY,"5,003","25,357,702.00","5,068.00"
2016,GREENWICH,"27,333","554,374,149.00","20,282.00"
2016,GRISWOLD,"5,492","11,202,322.00","2,040.00"
2016,GROTON,"11,525","25,903,860.00","2,248.00"
2016,GUILFORD,"10,122","67,608,847.00","6,679.00"
2016,HADDAM,"3,956","17,227,416.00","4,355.00"
2016,HAMDEN,"25,212","76,948,767.00","3,052.00"
2016,HAMPTON,"1,107","3,053,280.00","2,758.00"
2016,HARTFORD,"49,075","51,242,224.00","1,044.00"
2016,HARTLAND,839,"2,810,461.00","3,350.00"
2016,HARWINTON,"2,559","9,867,776.00","3,856.00"
2016,HEBRON,"4,287","19,562,411.00","4,563.00"
2016,KENT,"1,306","4,364,093.00","3,342.00"
2016,KILLINGLY,"7,753","12,436,306.00","1,604.00"
2016,KILLINGWORTH,"2,872","14,444,703.00","5,029.00"
2016,LEBANON,"3,289","10,032,193.00","3,050.00"
2016,LEDYARD,"6,676","19,153,173.00","2,869.00"
2016,LISBON,"1,702","4,481,531.00","2,633.00"
2016,LITCHFIELD,"3,861","17,730,789.00","4,592.00"
2016,LYME,962,"7,449,806.00","7,744.00"
2016,MADISON,"8,080","61,038,179.00","7,554.00"
2016,MANCHESTER,"28,487","68,555,730.00","2,407.00"
2016,MANSFIELD,"5,379","19,822,706.00","3,685.00"
2016,MARLBOROUGH,"2,865","15,183,666.00","5,300.00"
2016,MERIDEN,"27,258","50,027,323.00","1,835.00"
2016,MIDDLEBURY,"3,425","24,533,755.00","7,163.00"
2016,MIDDLEFIELD,"2,024","8,112,628.00","4,008.00"
2016,MIDDLETOWN,"20,824","55,835,515.00","2,681.00"
2016,MILFORD,"25,909","110,670,397.00","4,272.00"
2016,MONROE,"8,746","42,397,763.00","4,848.00"
2016,MONTVILLE,"8,321","18,835,422.00","2,264.00"
2016,MORRIS,"1,078","4,592,874.00","4,261.00"
2016,NAUGATUCK,"14,358","29,742,923.00","2,072.00"
2016,NEW BRITAIN,"31,360","38,363,772.00","1,223.00"
2016,NEW CANAAN,"8,225","165,509,512.00","20,123.00"
2016,NEW FAIRFIELD,"6,128","20,358,833.00","3,322.00"
2016,NEW HARTFORD,"3,315","14,119,121.00","4,259.00"
2016,NEW HAVEN,"49,107","89,388,902.00","1,820.00"
2016,NEWINGTON ,"15,349","42,989,401.00","2,801.00"
2016,NEW LONDON ,"11,247","14,707,239.00","1,308.00"
2016,NEW MILFORD ,"12,918","37,836,736.00","2,929.00"
2016,NEWTOWN,"11,857","67,865,589.00","5,724.00"
2016,NORFOLK,739,"3,051,275.00","4,129.00"
2016,NORTH BRANFORD,"6,815","24,773,510.00","3,635.00"
2016,NORTH CANAAN,362,"603,297.00","1,667.00"
2016,NORTH HAVEN,"11,835","47,048,681.00","3,975.00"
2016,NORTH STONINGTON,"2,413","7,758,350.00","3,215.00"
2016,NORWALK,"41,970","149,760,507.00","3,568.00"
2016,NORWICH,"17,788","26,912,934.00","1,513.00"
2016,OLD LYME,"3,731","26,552,629.00","7,117.00"
2016,OLD SAYBROOK,"5,114","25,456,799.00","4,978.00"
2016,ORANGE,"6,677","37,214,827.00","5,574.00"
2016,OXFORD,"5,803","24,517,548.00","4,225.00"
2016,PLAINFIELD,"6,481","10,351,636.00","1,597.00"
2016,PLAINVILLE,"8,848","21,661,566.00","2,448.00"
2016,PLYMOUTH,"5,704","13,478,650.00","2,363.00"
2016,POMFRET,"1,874","6,551,207.00","3,496.00"
2016,PORTLAND,"4,477","17,513,743.00","3,912.00"
2016,PRESTON,"2,142","5,678,125.00","2,651.00"
2016,PROSPECT,"4,508","15,450,487.00","3,427.00"
2016,PUTNAM,"4,018","5,383,891.00","1,340.00"
2016,REDDING,"3,953","37,199,731.00","9,411.00"
2016,RIDGEFIELD,"10,347","109,642,086.00","10,597.00"
2016,ROCKY HILL,"9,734","36,676,321.00","3,768.00"
2016,ROXBURY,997,"7,612,484.00","7,635.00"
2016,SALEM,"1,880","7,635,934.00","4,062.00"
2016,SALISBURY,"1,640","8,148,354.00","4,969.00"
2016,SCOTLAND,328,"756,924.00","2,308.00"
2016,SEYMOUR,"7,922","22,568,291.00","2,849.00"
2016,SHARON,"1,025","7,021,759.00","6,850.00"
2016,SHELTON,"19,370","71,114,936.00","3,671.00"
2016,SHERMAN,"1,589","6,612,861.00","4,162.00"
2016,SIMSBURY,"10,710","74,669,677.00","6,972.00"
2016,SOMERS,"4,393","17,457,651.00","3,974.00"
2016,SOUTHBURY ,"8,873","41,044,340.00","4,626.00"
2016,SOUTHINGTON ,"20,479","75,605,359.00","3,692.00"
2016,SOUTH WINDSOR ,"12,201","54,021,137.00","4,428.00"
2016,SPRAGUE,"1,498","3,214,867.00","2,146.00"
2016,STAFFORD,"5,465","12,396,538.00","2,268.00"
2016,STAMFORD,"61,016","253,612,830.00","4,156.00"
2016,STERLING,"1,433","2,492,798.00","1,740.00"
2016,STONINGTON,"12,692","52,706,572.00","4,153.00"
2016,STRATFORD,"25,219","64,011,467.00","2,538.00"
2016,SUFFIELD,"6,313","31,049,245.00","4,918.00"
2016,THOMASTON,"3,715","9,497,967.00","2,557.00"
2016,THOMPSON,"4,172","5,375,262.00","1,288.00"
2016,TOLLAND,"6,594","31,209,266.00","4,733.00"
2016,TORRINGTON,"16,108","30,616,369.00","1,901.00"
2016,TRUMBULL,"15,898","82,832,975.00","5,210.00"
2016,UNION,292,"1,070,040.00","3,665.00"
2016,VERNON,"14,576","36,128,414.00","2,479.00"
2016,VOLUNTOWN,"1,211","2,648,992.00","2,187.00"
2016,WALLINGFORD,"21,777","72,362,959.00","3,323.00"
2016,WARREN,428,"2,241,212.00","5,236.00"
2016,WASHINGTON,"1,820","9,663,686.00","5,310.00"
2016,WATERBURY,"46,280","54,183,281.00","1,171.00"
2016,WATERFORD,"9,581","31,294,806.00","3,266.00"
2016,WATERTOWN,"10,414","32,969,740.00","3,166.00"
2016,WESTBROOK ,"3,237","16,555,014.00","5,114.00"
2016,WEST HARTFORD ,"28,558","171,817,664.00","6,016.00"
2016,WEST HAVEN ,"24,394","41,940,473.00","1,719.00"
2016,WESTON,"4,087","59,302,265.00","14,510.00"
2016,WESTPORT,"11,623","203,589,633.00","17,516.00"
2016,WETHERSFIELD,"13,120","48,374,305.00","3,687.00"
2016,WILLINGTON,"2,636","7,934,980.00","3,010.00"
2016,WILTON,"7,519","99,915,020.00","13,288.00"
2016,WINCHESTER,"4,885","9,982,823.00","2,044.00"
2016,WINDHAM,"9,508","12,456,754.00","1,310.00"
2016,WINDSOR,"14,637","39,080,521.00","2,670.00"
2016,WINDSOR LOCKS,"6,444","13,790,875.00","2,140.00"
2016,WOLCOTT,"7,759","23,258,044.00","2,998.00"
2016,WOODBRIDGE,"4,128","42,737,698.00","10,353.00"
2016,WOODBURY,"4,712","21,658,768.00","4,597.00"
2016,WOODSTOCK,"3,592","10,501,766.00","2,924.00"
2017,ANDOVER,"1,546","5,751,446.00","3,720.00"
2017,ANSONIA,"8,746","15,737,097.00","1,799.00"
2017,ASHFORD,"2,058","5,560,639.00","2,702.00"
2017,AVON,"8,457","86,058,222.00","10,176.00"
2017,BARKHAMSTED,"1,828","6,799,901.00","3,720.00"
2017,BEACON FALLS,"2,853","9,009,852.00","3,158.00"
2017,BERLIN,"10,022","41,756,456.00","4,166.00"
2017,BETHANY,"2,536","14,596,725.00","5,756.00"
2017,BETHEL,"8,973","29,124,336.00","3,246.00"
2017,BETHLEHEM,"1,658","6,120,786.00","3,692.00"
2017,BLOOMFIELD,"10,998","40,005,085.00","3,637.00"
2017,BOLTON,"2,329","10,573,707.00","4,540.00"
2017,BOZRAH,"1,243","3,990,234.00","3,210.00"
2017,BRANFORD,"14,441","62,797,677.00","4,349.00"
2017,BRIDGEPORT,"60,011","63,872,129.00","1,064.00"
2017,BRIDGEWATER,803,"5,406,596.00","6,733.00"
2017,BRISTOL,"28,779","67,088,215.00","2,331.00"
2017,BROOKFIELD,"8,180","35,161,105.00","4,298.00"
2017,BROOKLYN,"3,557","8,411,282.00","2,365.00"
2017,BURLINGTON,"4,357","24,667,874.00","5,662.00"
2017,CANAAN,"1,743","3,655,672.00","2,097.00"
2017,CANTERBURY,"2,375","5,724,853.00","2,410.00"
2017,CANTON,"4,690","28,445,144.00","6,065.00"
2017,CHAPLIN,"1,033","2,266,303.00","2,194.00"
2017,CHESHIRE,"12,425","70,826,186.00","5,700.00"
2017,CHESTER,"1,878","7,954,635.00","4,236.00"
2017,CLINTON,"6,373","23,887,068.00","3,748.00"
2017,COLCHESTER,"7,748","27,559,798.00","3,557.00"
2017,COLEBROOK,589,"1,953,989.00","3,317.00"
2017,COLUMBIA,"2,603","9,973,718.00","3,832.00"
2017,CORNWALL,775,"2,853,911.00","3,682.00"
2017,COVENTRY,"5,950","20,670,726.00","3,474.00"
2017,CROMWELL,"7,121","32,269,922.00","4,532.00"
2017,DANBURY,"37,131","77,140,025.00","2,078.00"
2017,DARIEN,"8,391","226,297,824.00","26,969.00"
2017,DEEP RIVER,"2,196","9,498,797.00","4,325.00"
2017,DERBY,"5,913","12,372,223.00","2,092.00"
2017,DURHAM,"3,447","21,615,912.00","6,271.00"
2017,EASTFORD,657,"1,945,467.00","2,961.00"
2017,EAST GRANBY,"2,436","10,133,544.00","4,160.00"
2017,EAST HADDAM,"3,913","14,265,135.00","3,646.00"
2017,EAST HAMPTON,"6,114","24,692,638.00","4,039.00"
2017,EAST HARTFORD,"24,465","37,696,907.00","1,541.00"
2017,EAST HAVEN,"13,620","34,040,369.00","2,499.00"
2017,EAST LYME,"8,484","40,060,793.00","4,722.00"
2017,EASTON,"3,223","30,574,642.00","9,486.00"
2017,EAST WINDSOR,"5,580","14,336,300.00","2,569.00"
2017,ELLINGTON,"7,566","33,254,794.00","4,395.00"
2017,ENFIELD,"19,670","42,760,909.00","2,174.00"
2017,ESSEX,"3,274","22,315,236.00","6,816.00"
2017,FAIRFIELD,"24,631","214,544,445.00","8,710.00"
2017,FARMINGTON,"12,135","86,180,050.00","7,102.00"
2017,FRANKLIN,908,"2,900,342.00","3,194.00"
2017,GLASTONBURY,"15,992","126,219,168.00","7,893.00"
2017,GOSHEN,"1,356","7,741,365.00","5,709.00"
2017,GRANBY,"5,014","26,568,667.00","5,299.00"
2017,GREENWICH,"27,286","765,421,830.00","28,052.00"
2017,GRISWOLD,"5,490","11,852,631.00","2,159.00"
2017,GROTON,"11,657","31,955,590.00","2,741.00"
2017,GUILFORD,"10,120","71,749,154.00","7,090.00"
2017,HADDAM,"3,951","18,239,649.00","4,616.00"
2017,HAMDEN,"25,632","81,488,504.00","3,179.00"
2017,HAMPTON,"1,112","2,879,329.00","2,589.00"
2017,HARTFORD,"49,731","55,173,845.00","1,109.00"
2017,HARTLAND,848,"2,925,139.00","3,449.00"
2017,HARWINTON,"2,603","10,417,293.00","4,002.00"
2017,HEBRON,"4,264","20,815,229.00","4,882.00"
2017,KENT,"1,282","4,510,941.00","3,519.00"
2017,KILLINGLY,"7,932","13,369,389.00","1,686.00"
2017,KILLINGWORTH,"2,934","15,241,030.00","5,195.00"
2017,LEBANON,"3,318","10,401,879.00","3,135.00"
2017,LEDYARD,"6,757","20,732,405.00","3,068.00"
2017,LISBON,"1,721","4,730,696.00","2,749.00"
2017,LITCHFIELD,"3,841","18,483,323.00","4,812.00"
2017,LYME,977,"9,981,557.00","10,217.00"
2017,MADISON,"8,084","64,027,279.00","7,920.00"
2017,MANCHESTER,"28,890","71,287,908.00","2,468.00"
2017,MANSFIELD,"5,293","19,609,793.00","3,705.00"
2017,MARLBOROUGH,"2,869","15,293,738.00","5,331.00"
2017,MERIDEN,"27,728","53,311,160.00","1,923.00"
2017,MIDDLEBURY,"3,434","25,296,640.00","7,367.00"
2017,MIDDLEFIELD,"2,086","9,008,340.00","4,318.00"
2017,MIDDLETOWN,"21,123","59,059,709.00","2,796.00"
2017,MILFORD,"26,140","116,181,524.00","4,445.00"
2017,MONROE,"8,776","44,819,487.00","5,107.00"
2017,MONTVILLE,"8,372","19,970,930.00","2,385.00"
2017,MORRIS,"1,051","4,641,713.00","4,416.00"
2017,NAUGATUCK,"14,401","30,950,138.00","2,149.00"
2017,NEW BRITAIN,"31,910","42,285,986.00","1,325.00"
2017,NEW CANAAN,"8,159","190,137,495.00","23,304.00"
2017,NEW FAIRFIELD,"6,123","21,168,446.00","3,457.00"
2017,NEW HARTFORD,"3,339","14,523,100.00","4,350.00"
2017,NEW HAVEN,"49,101","96,567,123.00","1,967.00"
2017,NEWINGTON,"15,503","45,544,542.00","2,938.00"
2017,NEW LONDON,"11,341","17,206,087.00","1,517.00"
2017,NEW MILFORD,"13,088","38,207,942.00","2,919.00"
2017,NEWTOWN,"11,893","73,637,620.00","6,192.00"
2017,NORFOLK,710,"3,175,184.00","4,472.00"
2017,NORTH BRANFORD,"6,839","24,813,135.00","3,628.00"
2017,NORTH CANAAN,326,"637,293.00","1,955.00"
2017,NORTH HAVEN,"11,897","49,097,371.00","4,127.00"
2017,NORTH STONINGTON,"2,388","8,499,842.00","3,559.00"
2017,NORWALK,"42,446","190,008,373.00","4,476.00"
2017,NORWICH,"17,895","28,699,737.00","1,604.00"
2017,OLD LYME,"3,777","28,411,090.00","7,522.00"
2017,OLD SAYBROOK,"5,270","30,569,500.00","5,801.00"
2017,ORANGE,"6,671","39,133,954.00","5,866.00"
2017,OXFORD,"5,843","25,945,137.00","4,440.00"
2017,PLAINFIELD,"6,578","11,269,174.00","1,713.00"
2017,PLAINVILLE,"8,903","22,619,200.00","2,541.00"
2017,PLYMOUTH,"5,770","14,150,946.00","2,453.00"
2017,POMFRET,"1,880","6,811,385.00","3,623.00"
2017,PORTLAND,"4,425","18,196,872.00","4,112.00"
2017,PRESTON,"2,159","6,130,867.00","2,840.00"
2017,PROSPECT,"4,487","16,504,967.00","3,678.00"
2017,PUTNAM,"4,055","5,818,571.00","1,435.00"
2017,REDDING,"3,983","37,324,049.00","9,371.00"
2017,RIDGEFIELD,"10,449","112,130,480.00","10,731.00"
2017,ROCKY HILL,"9,833","39,267,108.00","3,993.00"
2017,ROXBURY,987,"8,105,845.00","8,213.00"
2017,SALEM,"1,924","7,883,931.00","4,098.00"
2017,SALISBURY,"1,657","7,890,821.00","4,762.00"
2017,SCOTLAND,336,"850,208.00","2,530.00"
2017,SEYMOUR,"8,016","23,392,663.00","2,918.00"
2017,SHARON,"1,045","6,787,866.00","6,496.00"
2017,SHELTON,"19,774","73,145,450.00","3,699.00"
2017,SHERMAN,"1,615","7,194,685.00","4,455.00"
2017,SIMSBURY,"10,924","83,349,682.00","7,630.00"
2017,SOMERS,"4,347","19,680,925.00","4,527.00"
2017,SOUTHBURY,"9,129","43,634,408.00","4,780.00"
2017,SOUTHINGTON,"20,646","81,069,073.00","3,927.00"
2017,SOUTH WINDSOR,"12,305","56,885,512.00","4,623.00"
2017,SPRAGUE,"1,524","3,389,559.00","2,224.00"
2017,STAFFORD,"5,503","13,055,695.00","2,372.00"
2017,STAMFORD,"61,485","888,615,940.00","14,453.00"
2017,STERLING,"1,438","2,586,837.00","1,799.00"
2017,STONINGTON,"12,818","57,768,016.00","4,507.00"
2017,STRATFORD,"25,458","66,874,483.00","2,627.00"
2017,SUFFIELD,"6,473","38,099,944.00","5,886.00"
2017,THOMASTON,"3,715","10,014,244.00","2,696.00"
2017,THOMPSON,"4,249","6,071,834.00","1,429.00"
2017,TOLLAND,"6,697","32,414,277.00","4,840.00"
2017,TORRINGTON,"16,294","32,527,802.00","1,996.00"
2017,TRUMBULL,"16,095","84,369,657.00","5,242.00"
2017,UNION,289,"1,025,546.00","3,549.00"
2017,VERNON,"14,772","38,598,539.00","2,613.00"
2017,VOLUNTOWN,"1,232","2,932,397.00","2,380.00"
2017,WALLINGFORD,"21,794","74,646,914.00","3,425.00"
2017,WARREN,434,"1,435,438.00","3,307.00"
2017,WASHINGTON,"1,821","10,875,912.00","5,972.00"
2017,WATERBURY,"46,812","56,146,024.00","1,199.00"
2017,WATERFORD,"9,609","32,858,979.00","3,420.00"
2017,WATERTOWN,"10,530","34,416,348.00","3,268.00"
2017,WESTBROOK,"3,321","13,865,104.00","4,175.00"
2017,WEST HARTFORD,"28,746","187,671,397.00","6,529.00"
2017,WEST HAVEN,"24,459","44,681,171.00","1,827.00"
2017,WESTON,"4,042","62,378,869.00","15,433.00"
2017,WESTPORT,"11,680","218,578,916.00","18,714.00"
2017,WETHERSFIELD,"13,230","50,870,415.00","3,845.00"
2017,WILLINGTON,"2,635","8,280,838.00","3,143.00"
2017,WILTON,"7,513","102,381,191.00","13,627.00"
2017,WINCHESTER,"4,957","10,612,405.00","2,141.00"
2017,WINDHAM,"9,566","12,723,078.00","1,330.00"
2017,WINDSOR,"14,975","41,167,367.00","2,749.00"
2017,WINDSOR LOCKS,"6,519","14,729,802.00","2,260.00"
2017,WOLCOTT,"7,822","24,596,191.00","3,144.00"
2017,WOODBRIDGE,"4,116","43,739,647.00","10,627.00"
2017,WOODBURY,"4,715","22,649,260.00","4,804.00"
2017,WOODSTOCK,"3,636","11,706,636.00","3,220.00"
